"PSH_CODE","PSH_NAME"
2388,"CLARKESDALE"
2389,"CLONBINANE"
2390,"CLONLEIGH"
2391,"CLUNES"
2392,"COBAW"
2393,"COBBANNAH"
2394,"COBBOBOONEE"
2395,"COBON"
2396,"COBRA KILLUC"
2397,"COBRAM"
2398,"COBUNGRA"
2399,"COCAMBA"
2400,"COCOMAH"
2401,"COCOROC"
2402,"CODRINGTON"
2403,"COHUNA"
2404,"COIMADAI"
2405,"COLAC"
2406,"COLAC COLAC"
2407,"COLBINABBIN"
2408,"COLERAINE"
2409,"COLIBAN"
2410,"COLIGNAN"
2411,"COLONGULAC"
2412,"COLQUHOUN"
2413,"COLQUHOUN EAST"
2414,"COLQUHOUN NORTH"
2415,"COLVINSBY"
2416,"COMBIENBAR"
2417,"COMMERALGHIP"
2418,"CONCONGELLA"
2419,"CONCONGELLA SOUTH"
2420,"CONDAH"
2421,"CONEWARRE"
2422,"CONGA WONGA"
2423,"CONGUPNA"
2424,"CONNANGORACH"
2425,"CONNEWARREN"
2426,"CONNEWIRRECOO"
2427,"COOACK"
2428,"COOAGGALAH"
2429,"COOLEBARGHURK"
2430,"COOLUMBOOKA"
2431,"COOLUNGOOLUN"
2432,"COOLUNGUBRA"
2433,"COOMA"
2434,"COOMBOONA"
2435,"COONGULLA"
2436,"COONGULMERANG"
2437,"COONIMUR"
2438,"COONOOER EAST"
2439,"COONOOER WEST"
2440,"COOPRACAMBRA"
2441,"COORAMOOK"
2442,"COORIEJONG"
2443,"COORNBURT"
2444,"COORNMILL"
2445,"COOROOPAJERRUP"
2446,"COPI PLAINS"
2447,"CORACK"
2448,"CORACK EAST"
2449,"CORADJIL"
2450,"CORANGAMITE"
2451,"COREA"
2452,"CORINDHAP"
2453,"CORINELLA"
2454,"CORIO"
2455,"CORNELLA"
2456,"COROP"
2457,"CORRYONG"
2458,"COSTERFIELD"
2459,"COWA"
2460,"COYNALLAN"
2461,"CRAIGIE"
2462,"CRANBOURNE"
2463,"CRESSY"
2464,"CRESWICK"
2465,"CRONOMBY"
2466,"CROOKAYAN"
2467,"CROSBIE"
2468,"CROWLANDS"
2469,"CROXTON EAST"
2470,"CROXTON WEST"
2471,"CUDGEWA"
2472,"CUNDARE"
2473,"CURLIP"
2474,"CURRACURT"
2475,"CURRAWA"
2476,"CURTAYNE"
2477,"CURYO"
2478,"CUT-PAW-PAW"
2479,"DAAHL"
2480,"DAALKO"
2481,"DAHWEDARRE"
2482,"DALYENONG"
2483,"DANDENONG"
2484,"DANDONGADALE"
2485,"DANYO"
2486,"DARBALANG"
2487,"DARGALONG"
2488,"DARGILE"
2489,"DARGO"
2490,"DARKBONEE"
2491,"DARLINGFORD"
2492,"DARLINGTON"
2493,"DARLINGTON WEST"
2494,"DARNUM"
2495,"DARRAGAN"
2496,"DARRAWEIT GUIM"
2497,"DARRIMAN"
2498,"DARRIWIL"
2499,"DARTAGOOK"
2500,"DARTELLA"
2501,"DARTMOOR"
2502,"DATTUCK"
2503,"DEAN"
2504,"DEDDICK"
2505,"DEDERANG"
2506,"DELATITE"
2507,"DELLICKNORA"
2508,"DENISON"
2509,"DENNYING"
2510,"DERBY"
2511,"DEREEL"
2512,"DERGHOLM"
2513,"DERING"
2514,"DERNDANG"
2515,"DERRIL"
2516,"DERRIMUT"
2517,"DETARKA"
2518,"DEUTGAM"
2519,"DEVENISH"
2520,"DEVON"
2521,"DEWRANG"
2522,"DIGBY"
2523,"DIGGORRA"
2524,"DIMBOOLA"
2525,"DING-A-DING"
2526,"DINGEE"
2527,"DINYARRAK"
2528,"DJERRIWARRH"
2529,"DOBOOBETIC"
2530,"DOLEDROOK"
2531,"DOLLIN"
2532,"DONALD"
2533,"DOODWUK"
2534,"DOOEN"
2535,"DOOKIE"
2536,"DOOLAM"
2537,"DOOMBURRIM"
2538,"DOPEWORA"
2539,"DORCHAP"
2540,"DOROQ"
2541,"DOUTTA GALLA"
2542,"DOWLING FOREST"
2543,"DRAJURK"
2544,"DREEITE"
2545,"DRIK DRIK"
2546,"DROPMORE"
2547,"DROUIN EAST"
2548,"DROUIN WEST"
2549,"DRUMANURE"
2550,"DRUMBORG"
2551,"DRUMDLEMARA"
2552,"DRUMMOND"
2553,"DRUNG DRUNG"
2554,"DUCHEMBEGARRA"
2555,"DUDDO"
2556,"DUERAN"
2557,"DUERAN EAST"
2558,"DULUNGALONG"
2559,"DUMBALK"
2560,"DUNBULBALANE"
2561,"DUNEED"
2562,"DUNKELD"
2563,"DUNMORE"
2564,"DUNMUNKLE"
2565,"DUNNAWALLA"
2566,"DUNNEWORTHY"
2567,"DUNOLLY"
2568,"DURDIDWARRAH"
2569,"DURNDAL"
2570,"DURONG"
2571,"ECHUCA NORTH"
2572,"ECHUCA SOUTH"
2573,"ECKLIN"
2574,"EDDINGTON"
2575,"EDENHOPE"
2576,"EDGECOMBE"
2577,"EDI"
2578,"EGERTON"
2579,"EGLINTON"
2580,"EILDON"
2581,"EILYAR"
2582,"EL DORADO"
2583,"ELINGAMITE"
2584,"ELLERSLIE"
2585,"ELLESMERE"
2586,"ELLIMINYT"
2587,"ELLINGING"
2588,"ELMORE"
2589,"ELPHINSTONE"
2590,"EMBERTON"
2591,"ENANO"
2592,"ENFIELD"
2593,"ENOCHS POINT"
2594,"ENSAY"
2595,"ENUC"
2596,"EPPALOCK"
2597,"ERCILDOUN"
2598,"ERRINUNDRA"
2599,"ESTCOURT"
2600,"ETTRICK"
2601,"EUCAMBENE"
2602,"EUMANA"
2603,"EUMEMMERRING"
2604,"EUMERALLA"
2605,"EURAMBEEN"
2606,"EURANDELONG"
2607,"EUREKA"
2608,"EUROA"
2609,"EVERSLEY"
2610,"EVERTON"
2611,"FARADAY"
2612,"FINGAL"
2613,"FLINDERS"
2614,"FLOWERDALE"
2615,"FORBES"
2616,"FRAMLINGHAM EAST"
2617,"FRAMLINGHAM WEST"
2618,"FRANKLIN"
2619,"FRANKSTON"
2620,"FREEBURGH"
2621,"FRENCH ISLAND"
2622,"FRYERS"
2623,"FUMINA"
2624,"FUMINA NORTH"
2625,"GAALANUNGAH"
2626,"GABO"
2627,"GALAQUIL"
2628,"GALICK"
2629,"GALLA"
2630,"GALPUNGA"
2631,"GAMA"
2632,"GAMPOLA"
2633,"GANNAWARRA"
2634,"GANOO GANOO"
2635,"GARRATANBUNELL"
2636,"GARVOC"
2637,"GATUM GATUM"
2638,"GAYFIELD"
2639,"GEELENGLA"
2640,"GEERA"
2641,"GEERAK"
2642,"GELANTIPY EAST"
2643,"GELANTIPY WEST"
2644,"GELLIBRAND"
2645,"GEMBROOK"
2646,"GERAHMIN"
2647,"GERANGAMETE"
2648,"GERANG GERUNG"
2649,"GHERANG GHERANG"
2650,"GHERINEGHAP"
2651,"GHIN GHIN"
2652,"GIBBO"
2653,"GIFFARD"
2654,"GILLINGALL"
2655,"GILLUM"
2656,"GIMPA"
2657,"GINAP"
2658,"GINGIMRICK"
2659,"GINQUAM"
2660,"GIRGARRE"
2661,"GIRGARRE EAST"
2662,"GISBORNE"
2663,"GLENALADALE"
2664,"GLENALBYN"
2665,"GLENAROUA"
2666,"GLENAULIN"
2667,"GLENBURNIE"
2668,"GLENCOE"
2669,"GLENCOE SOUTH"
2670,"GLENDALE"
2671,"GLENDARUEL"
2672,"GLENDHU"
2673,"GLENELG"
2674,"GLENGOWER"
2675,"GLENHOPE"
2676,"GLENLOGIE"
2677,"GLENLOTH"
2678,"GLENLYON"
2679,"GLENMAGGIE"
2680,"GLENMONA"
2681,"GLENMORE"
2682,"GLENORCHY"
2683,"GLENORMISTON"
2684,"GLENPATRICK"
2685,"GLENROWEN"
2686,"GLENWATTS"
2687,"GLYNWYLLN"
2688,"GNARKEET"
2689,"GNARR"
2690,"GNARWARRE"
2691,"GNARWEE"
2692,"GOBARUP"
2693,"GOBUR"
2694,"GOLDIE"
2695,"GOLTON GOLTON"
2696,"GONZAGA"
2697,"GOOLENGOOK"
2698,"GOOMALIBEE"
2699,"GOONEGUL"
2700,"GOONGEE"
2701,"GOONGERAH"
2702,"GOON NURE"
2703,"GOORAMADDA"
2704,"GOORAMBAT"
2705,"GOORAM GOORAM GONG"
2706,"GOORNONG"
2707,"GORAE"
2708,"GOROKE"
2709,"GORONG"
2710,"GORRINN"
2711,"GORROCKBURKGHAP"
2712,"GORYA"
2713,"GOULBURN"
2714,"GOWANGARDIE"
2715,"GOWAR"
2716,"GOYURA"
2717,"GRACEDALE"
2718,"GRAHAM"
2719,"GRANTON"
2720,"GRANYA"
2721,"GRASSDALE"
2722,"GREDGWIN"
2723,"GREENHILLS"
2724,"GREENSBOROUGH"
2725,"GRE GRE"
2726,"GRETA"
2727,"GRINGEGALGONA"
2728,"GRITJURK"
2729,"GRUYERE"
2730,"GUILDFORD"
2731,"GUNAMALARY"
2732,"GUNBOWER"
2733,"GUNBOWER WEST"
2734,"GUNDOWRING"
2735,"GUNGARLAN"
2736,"GUNYAH GUNYAH"
2737,"GUTCHU"
2738,"GUTTAMURRA"
2739,"GYMBOWEN"
2740,"HADDON"
2741,"HAMILTON NORTH"
2742,"HAMILTON SOUTH"
2743,"HARCOURT"
2744,"HARRIETVILLE"
2745,"HARROW"
2746,"HAVELOCK"
2747,"HAWKESTONE"
2748,"HAYANMI"
2749,"HAZELWOOD"
2750,"HEATHCOTE"
2751,"HELENDOITE"
2752,"HENSLEY"
2753,"HESSE"
2754,"HEXHAM EAST"
2755,"HEXHAM WEST"
2756,"HEYWOOD"
2757,"HILGAY"
2758,"HINDMARSH"
2759,"HINNO-MUNJIE"
2760,"HOLCOMBE"
2761,"HOLDEN"
2762,"HOLEY PLAINS"
2763,"HOMERTON"
2764,"HORSHAM"
2765,"HOTHAM"
2766,"HOTSPUR"
2767,"HOWITT PLAINS"
2768,"HOWQUA"
2769,"HOWQUA WEST"
2770,"HUNTLY"
2771,"ILLAWARRA"
2772,"INDI"
2773,"INGEEGOODBEE"
2774,"INGLEWOOD"
2775,"IRREWARRA"
2776,"IRREWILLIPE"
2777,"JALLAKIN"
2778,"JALLUKAR"
2779,"JALUR"
2780,"JAMIESON"
2781,"JANCOURT"
2782,"JANIEMBER EAST"
2783,"JANIEMBER WEST"
2784,"JAN JUC"
2785,"JARKLAN"
2786,"JEERALANG"
2787,"JEETHO"
2788,"JEETHO WEST"
2789,"JEFFCOTT"
2790,"JELLALABAD"
2791,"JEMBA"
2792,"JENNAWARRA"
2793,"JEPARIT"
2794,"JERRYWAROOK"
2795,"JERUK"
2796,"JIKA JIKA"
2797,"JIL JIL"
2798,"JILPANGER"
2799,"JILWAIN"
2800,"JINDERBOINE"
2801,"JINDIVICK"
2802,"JINGALLALA"
2803,"JINJELLIC"
2804,"JIRNKEE"
2805,"JIRRAH"
2806,"JOEL JOEL"
2807,"JOOP"
2808,"JUMBUK"
2809,"JUMBUNNA"
2810,"JUMBUNNA EAST"
2811,"JUNG JUNG"
2812,"JUNGKUM"
2813,"KAANGLANG"
2814,"KAARIMBA"
2815,"KADNOOK"
2816,"KAERWUT"
2817,"KALADBRO"
2818,"KALINGUR"
2819,"KALKALLO"
2820,"KALKEE"
2821,"KALK KALK"
2822,"KALLERY"
2823,"KALPIENUNG"
2824,"KALYMNA"
2825,"KAMAROOKA"
2826,"KANAWALLA"
2827,"KANAWINKA"
2828,"KANCOBIN"
2829,"KANEIRA"
2830,"KANGDERAAR"
2831,"KANGERONG"
2832,"KANGERTONG"
2833,"KANIVA"
2834,"KANYAPELLA"
2835,"KAPONG"
2836,"KARABEAL"
2837,"KARADOC"
2838,"KARAWAH"
2839,"KARAWINNA"
2840,"KARIAH"
2841,"KARLO"
2842,"KARNAK"
2843,"KARNGUN"
2844,"KARRABUMET"
2845,"KARRAMOMUS"
2846,"KARUP KARUP"
2847,"KARWEEN"
2848,"KARYRIE"
2849,"KATAMATITE"
2850,"KATANDRA"
2851,"KATTYOONG"
2852,"KATUNGA"
2853,"KATYIL"
2854,"KAY"
2855,"KEELANGIE"
2856,"KEELBUNDORA"
2857,"KEILAMBETE"
2858,"KELFEERA"
2859,"KELLALAC"
2860,"KENMARE"
2861,"KENTBRUCK"
2862,"KERANG"
2863,"KERGUNYAH"
2864,"KERGUNYAH NORTH"
2865,"KERRIE"
2866,"KERRISDALE"
2867,"KERRIT BAREET"
2868,"KEVINGTON"
2869,"KEWELL EAST"
2870,"KEWELL WEST"
2871,"KIA"
2872,"KIALLA"
2873,"KIANEEK"
2874,"KIATA"
2875,"KILLARA"
2876,"KILLAWARRA"
2877,"KILLINGWORTH"
2878,"KILNOORAT"
2879,"KIMBOLTON"
2880,"KINABULLA"
2881,"KINGLAKE"
2882,"KINGOWER"
2883,"KINIMAKATKA"
2884,"KINKELLA"
2885,"KINYPANIAL"
2886,"KIORA"
2887,"KIRKELLA"
2888,"KIRKENONG"
2889,"KIRRAK"
2890,"KNAAWING"
2891,"KNOCKWOOD"
2892,"KNOWSLEY"
2893,"KNOWSLEY EAST"
2894,"KOBYBOYN"
2895,"KOETONG"
2896,"KOIMBO"
2897,"KOLEYA"
2898,"KOLORA"
2899,"KONARDIN"
2900,"KONGBOOL"
2901,"KONGWAK"
2902,"KONNEPRA"
2903,"KONONG WOOTONG"
2904,"KOOEM"
2905,"KOOLA"
2906,"KOOLOMERT"
2907,"KOOMBERAR"
2908,"KOONDA"
2909,"KOONIKA"
2910,"KOONIK KOONIK"
2911,"KOORAGAN"
2912,"KOORANGIE"
2913,"KOOREH"
2914,"KOORKAB"
2915,"KOOROC"
2916,"KOOROOL"
2917,"KOOROOMAN"
2918,"KOOROON"
2919,"KOORT-KOORT-NONG"
2920,"KOO-WEE-RUP"
2921,"KOO-WEE-RUP EAST"
2922,"KORKUPERRIMUL"
2923,"KORNONG"
2924,"KORO-GANEIT"
2925,"KOROIT"
2926,"KORONG"
2927,"KOROROIT"
2928,"KORRAK KORRAK"
2929,"KORUMBURRA"
2930,"KORWEINGUBOORA"
2931,"KOSCIUSKO"
2932,"KOTUPNA"
2933,"KOUT NARIN"
2934,"KOWAT"
2935,"KOYUGA"
2936,"KRAMBRUK"
2937,"KUARK"
2938,"KULK"
2939,"KULKYNE"
2940,"KULWIN"
2941,"KUNAT KUNAT"
2942,"KURDGWEECHEE"
2943,"KURNBRUNIN"
2944,"KURNWILL"
2945,"KURRACA"
2946,"KURTING"
2947,"KURUC-A-RUC"
2948,"KYABRAM"
2949,"KYABRAM EAST"
2950,"KYBEYAN"
2951,"LAANECOORIE"
2952,"LAANG"
2953,"LACEBY"
2954,"LAEN"
2955,"LAH-ARUM"
2956,"LAKE LAKE WOLLARD"
2957,"LALBERT"
2958,"LALKALDARNO"
2959,"LAL LAL"
2960,"LALLAT"
2961,"LAMBRUK"
2962,"LANCEFIELD"
2963,"LANDSBOROUGH"
2964,"LANGI-GHIRAN"
2965,"LANGI-KAL-KAL"
2966,"LANGI LOGAN"
2967,"LANGKOOP"
2968,"LANG LANG"
2969,"LANG LANG EAST"
2970,"LANGLEY"
2971,"LANGULAC"
2972,"LANGWARRIN"
2973,"LANGWORNOR"
2974,"LARA"
2975,"LARNEEBUNYAH"
2976,"LARUNDEL"
2977,"LA TROBE"
2978,"LAURAVILLE"
2979,"LAURISTON"
2980,"LAWALUK"
2981,"LAWLOIT"
2982,"LAZARINI"
2983,"LEAGHUR"
2984,"LEDCOURT"
2985,"LEEOR"
2986,"LEICHARDT"
2987,"LEONGATHA"
2988,"LEXINGTON"
2989,"LEXTON"
2990,"LIANIDUCK"
2991,"LICOLA"
2992,"LICOLA NORTH"
2993,"LIGAR"
2994,"LILLICUR"
2995,"LILLIMUR"
2996,"LILLIPUT"
2997,"LILLIRIE"
2998,"LIMA"
2999,"LINLITHGOW"
3000,"LINTON"
3001,"LIPAROO"
3002,"LISMORE"
3003,"LITTLE BILLY"
3004,"LIVINGSTONE"
3005,"LOCHIEL"
3006,"LOCKWOOD"
3007,"LODDON"
3008,"LODGE PARK"
3009,"LONGERENONG"
3010,"LONGFORD"
3011,"LONGWARRY"
3012,"LONGWOOD"
3013,"LOOMAT"
3014,"LOONGELAAT"
3015,"LORNE"
3016,"LORQUON"
3017,"LOWAN"
3018,"LOWRY"
3019,"LOYOLA"
3020,"LOY YANG"
3021,"LUDRIK-MUNJIE"
3022,"LURG"
3023,"LYELL"
3024,"LYNCHFIELD"
3025,"LYNDHURST"
3026,"MACARTHUR"
3027,"MACEDON"
3028,"MACORNA"
3029,"MAFFRA"
3030,"MAGDALA"
3031,"MAGDALA SOUTH"
3032,"MAGEPPA"
3033,"MAGORRA"
3034,"MAHARATTA"
3035,"MAHKWALLOK"
3036,"MAHRONG"
3037,"MAINDAMPLE"
3038,"MAINTONGOON"
3039,"MAJORLOCK"
3040,"MALAKOFF"
3041,"MALANGANEE"
3042,"MALDON"
3043,"MALKARA"
3044,"MALLACOOTA"
3045,"MALLANBOOL"
3046,"MALLOREN"
3047,"MAMBOURIN"
3048,"MAMENGOROOCK"
3049,"MANANGATANG"
3050,"MANANGO"
3051,"MANDURANG"
3052,"MANEROO"
3053,"MANGALORE"
3054,"MANNIBADAR"
3055,"MANPY"
3056,"MANSFIELD"
3057,"MANYA"
3058,"MARAMINGO"
3059,"MARDAN"
3060,"MARGOOYA"
3061,"MARIBYRNONG"
3062,"MARIDA YALLOCK"
3063,"MARLBED"
3064,"MARLOOH"
3065,"MARMA"
3066,"MARMAL"
3067,"MARNOO"
3068,"MARONG"
3069,"MARRAWEENY"
3070,"MARROO"
3071,"MARYBOROUGH"
3072,"MARYVALE"
3073,"MATLOCK"
3074,"MATONG"
3075,"MATONG NORTH"
3076,"MEATIAN"
3077,"MEENIYAN"
3078,"MEERAI"
3079,"MEEREEK"
3080,"MEERING"
3081,"MEERING WEST"
3082,"MEERLIEU"
3083,"MELBOURNE NORTH"
3084,"MELBOURNE SOUTH"
3085,"MELLICK-MUNJIE"
3086,"MELLIER"
3087,"MEPUNGA"
3088,"MERAN"
3089,"MERBEIN"
3090,"MEREDITH"
3091,"MERINGUR"
3092,"MERINO"
3093,"MERRIANG"
3094,"MERRIJIG"
3095,"MERRIMU"
3096,"MERRINEE"
3097,"MERRYMBUELA"
3098,"MERTON"
3099,"METCALFE"
3100,"MICKLEHAM"
3101,"MIEPOLL"
3102,"MILDURA"
3103,"MILLEWA"
3104,"MILLOO"
3105,"MILMED"
3106,"MINAPRE"
3107,"MINCHA"
3108,"MINCHA WEST"
3109,"MINDAI"
3110,"MINHAMITE"
3111,"MINIMAY"
3112,"MININERA"
3113,"MINJAH"
3114,"MINJAH NORTH"
3115,"MINOOK"
3116,"MINTO"
3117,"MIOWERA"
3118,"MIRAMPIRAM"
3119,"MIRBOO"
3120,"MIRBOO SOUTH"
3121,"MIRIMBAH"
3122,"MIRKOO"
3123,"MIRNEE"
3124,"MIRRANATWA"
3125,"MITCHELL"
3126,"MITIAMO"
3127,"MITTA MITTA"
3128,"MITTYACK"
3129,"MITTYAN"
3130,"MOAH"
3131,"MOALLAACK"
3132,"MOCAMBORO"
3133,"MOCKINYA"
3134,"MODEWARRE"
3135,"MOE"
3136,"MOGLONEMBY"
3137,"MOHICAN"
3138,"MOIRA"
3139,"MOKANGER"
3140,"MOKEPILLY"
3141,"MOKOAN"
3142,"MOLESWORTH"
3143,"MOLIAGUL"
3144,"MOLKA"
3145,"MOLOGA"
3146,"MONBULK"
3147,"MONDA"
3148,"MONEA NORTH"
3149,"MONEA SOUTH"
3150,"MONEGEETTA"
3151,"MONIVAE"
3152,"MONOMAK"
3153,"MOOLAP"
3154,"MOOLERR"
3155,"MOOLORT"
3156,"MOOLPAH"
3157,"MOOMOWROONG"
3158,"MOONDARRA"
3159,"MOONIP"
3160,"MOONKAN"
3161,"MOONLIGHT"
3162,"MOORA"
3163,"MOORABBIN"
3164,"MOORADORANOOK"
3165,"MOORALLA"
3166,"MOORARBOOL EAST"
3167,"MOORARBOOL WEST"
3168,"MOORBANOOL"
3169,"MOOREE"
3170,"MOORMBOOL EAST"
3171,"MOORMBOOL WEST"
3172,"MOORMURNG"
3173,"MOORNAPA"
3559,"TARRAWARRA NORTH"
3560,"TARRAWINGEE"
3561,"TARRAYOUKYAN"
3562,"TARRENGOWER"
3563,"TARWIN"
3564,"TARWIN SOUTH"
3565,"TATONG"
3566,"TATONGA"
3567,"TATYOON"
3568,"TAWANGA"
3569,"TCHIRREE"
3570,"TCHUTERR"
3571,"TEDDYWADDY"
3572,"TELANGATUK"
3573,"TELBIT"
3574,"TELBIT WEST"
3575,"TERANG"
3576,"TERLITE-MUNJIE"
3577,"TERRAPPEE"
3578,"TERRICK TERRICK EAST"
3579,"TERRICK TERRICK WEST"
3580,"TERRINALLUM"
3581,"THALIA"
3582,"THARANBEGGA"
3583,"THEDDORA"
3584,"THOLOGOLONG"
3585,"THORKIDAAN"
3586,"THORNLEY"
3587,"THORNTON"
3588,"THOWGLA"
3589,"THURRA"
3590,"TIEGA"
3591,"TILDESLEY EAST"
3592,"TILDESLEY WEST"
3593,"TIMBARRA"
3594,"TIMBEROO"
3595,"TIMBOON"
3596,"TIMMERING"
3597,"TINAMBA"
3598,"TINGARINGY"
3599,"TINTALDRA"
3600,"TITTYBONG"
3601,"TOLTOL"
3602,"TONGALA"
3603,"TONGARO"
3604,"TONG BONG"
3605,"TONGHI"
3606,"TONGIO-MUNJIE EAST"
3607,"TONGIO-MUNJIE WEST"
3608,"TONIMBUK"
3609,"TONIMBUK EAST"
3610,"TOOAN"
3611,"TOOBORAC"
3612,"TOOLAMBA"
3613,"TOOLAMBA WEST"
3614,"TOOLANG"
3615,"TOOLIOROOK"
3616,"TOOLKA"
3617,"TOOLLEEN"
3618,"TOOLOME"
3619,"TOOLONDO"
3620,"TOOLONGROOK"
3621,"TOOLOY"
3622,"TOOMBON"
3623,"TOOMBULLUP"
3624,"TOOMBULLUP NORTH"
3625,"TOONAMBOOL"
3626,"TOONGABBIE NORTH"
3627,"TOONGABBIE SOUTH"
3628,"TOONGINBOOKA"
3629,"TOONYARAK"
3630,"TOORA"
3631,"TOORAK"
3632,"TOORONGO"
3633,"TOO-ROUR"
3634,"TOOROURRONG"
3635,"TOORT"
3636,"TORBRECK"
3637,"TOTTINGTON"
3638,"TOURELLO"
3639,"TOWAMBA"
3640,"TOWAN"
3641,"TOWANINNY"
3642,"TOWANWAY"
3643,"TOWMA"
3644,"TOWONG"
3645,"TRAAWOOL"
3646,"TRAGOWEL"
3647,"TRARALGON"
3648,"TRAWALLA"
3649,"TRENTHAM"
3650,"TREWALLA"
3651,"TRUGANINA"
3652,"TUBBUT"
3653,"TULILLAH"
3654,"TULLAMARINE"
3655,"TULLICH"
3656,"TULLYVEA"
3657,"TUNART"
3658,"TUNGIE"
3659,"TURANDUREY"
3660,"TURKEETH"
3661,"TUROAR"
3662,"TURRUMBERRY"
3663,"TURRUMBERRY NORTH"
3664,"TUTEGONG"
3665,"TUTYE"
3666,"TYABB"
3667,"TYAGOOK"
3668,"TYALLA"
3669,"TYAMOONYA"
3670,"TYAR"
3671,"TYENNA"
3672,"TYIRRA"
3673,"TYLDEN"
3674,"TYNTYNDER"
3675,"TYNTYNDER NORTH"
3676,"TYNTYNDER WEST"
3677,"TYRENDARRA"
3678,"TYRRELL"
3679,"ULTIMA"
3680,"ULUPNA"
3681,"UNDERA"
3682,"UNDERBOOL"
3683,"UNDOWAH"
3684,"UPOTIPOTPON"
3685,"URANGARA"
3686,"VECTIS EAST"
3687,"VITE VITE"
3688,"WAAIA"
3689,"WAANYARRA"
3690,"WAARRE"
3691,"WABBA"
3692,"WABDALLAH"
3693,"WABONGA"
3694,"WABONGA SOUTH"
3695,"WA-DE-LOCK"
3696,"WAGANT"
3697,"WAGGARANDALL"
3698,"WAGRA"
3699,"WAHRING"
3700,"WAIL"
3701,"WAITCHIE"
3702,"WALHALLA"
3703,"WALHALLA EAST"
3704,"WALLABY"
3705,"WALLAGOOT"
3706,"WALLALOO"
3707,"WALLAN WALLAN"
3708,"WALLA WALLA"
3709,"WALLINDUC"
3710,"WALLOWA"
3711,"WALLPOLLA"
3712,"WALLUP"
3713,"WALMER"
3714,"WALPA"
3715,"WALPAMUNDA"
3716,"WALPEUP"
3717,"WALWA"
3718,"WAMBA"
3719,"WANALTA"
3720,"WANDILIGONG"
3721,"WANDIN YALLOCK"
3722,"WANDO"
3723,"WANDOWN"
3724,"WANGARABELL"
3725,"WANGARATTA NORTH"
3726,"WANGARATTA SOUTH"
3727,"WANGERRIP"
3728,"WANGIE"
3729,"WANGOOM"
3730,"WANNAEUE"
3731,"WANURP"
3732,"WANWANDYRA"
3733,"WANWIN"
3734,"WAPPAN"
3735,"WARANGA"
3736,"WARATAH"
3737,"WARATAH NORTH"
3738,"WARBURTON"
3739,"WAREEK"
3740,"WARGAN"
3741,"WARINA"
3742,"WARMUR"
3743,"WARNGAR"
3744,"WARRABKOOK"
3745,"WARRACBARUNAH"
3746,"WARRACKNABEAL"
3747,"WARRAGAMBA"
3748,"WARRAGUL"
3749,"WARRAIN"
3750,"WARRAK"
3751,"WARRAMBAT"
3752,"WARRAMBINE"
3753,"WARRANDYTE"
3754,"WARRANOOK"
3755,"WARRAQUIL"
3756,"WARRA WARRA"
3757,"WARRAYURE"
3758,"WARREEN"
3759,"WARRENBAYNE"
3760,"WARRENHEIP"
3761,"WARRENMANG"
3762,"WARRIMOO"
3763,"WARRION"
3764,"WARROCK"
3765,"WARRONG"
3766,"WARROWITUE"
3767,"WARTOOK"
3768,"WARUNG"
3769,"WATAEPOOLAN"
3770,"WATCHEGATCHECA"
3771,"WATCHEM"
3772,"WATCHUPGA"
3773,"WATEGAT"
3774,"WATGANIA"
3775,"WATGANIA WEST"
3776,"WATHE"
3777,"WATTA WELLA"
3778,"WAT WAT"
3779,"WAU WAUKA"
3780,"WAU WAUKA WEST"
3781,"WAYGARA"
3782,"WEDDERBURNE"
3783,"WEEAPROINAH"
3784,"WEECURRA"
3785,"WEERAGUA"
3786,"WEERANGOURT"
3787,"WEERING"
3788,"WEHLA"
3789,"WELLSFORD"
3790,"WELSHPOOL"
3791,"WELUMLA"
3792,"WEMEN"
3793,"WENSLEYDALE"
3794,"WENTWORTH"
3795,"WERMATONG"
3796,"WERRAP"
3797,"WERRIBEE"
3798,"WERRIGAR"
3799,"WERRIKOO"
3800,"WERRIMULL"
3801,"WESTON"
3802,"WEWIN"
3803,"WHANREGARWEN"
3804,"WHARPARILLA"
3805,"WHIRILY"
3806,"WHIRRAKEE"
3807,"WHITFIELD"
3808,"WHITFIELD SOUTH"
3809,"WHOOREL"
3810,"WHOROULY"
3811,"WHROO"
3812,"WIALL"
3813,"WIBENDUCK"
3814,"WICKLIFFE NORTH"
3815,"WICKLIFFE SOUTH"
3816,"WILGUL NORTH"
3817,"WILGUL SOUTH"
3818,"WILHELMINA"
3819,"WILKIN"
3820,"WILKUR"
3821,"WILLAH"
3822,"WILLAM"
3823,"WILLANGIE"
3824,"WILLATOOK"
3825,"WILLAURA"
3826,"WILLENABRINA"
3827,"WILLOBY"
3828,"WILLOWMAVIN"
3829,"WILLS"
3830,"WILLUNG"
3831,"WILL-WILL-ROOK"
3832,"WINDERMERE"
3833,"WINDARRA"
3834,"WINDHAM"
3835,"WINGAN"
3836,"WINGEEL"
3837,"WING WING"
3838,"WINIAM"
3839,"WINJALLOK"
3840,"WINNAMBOOL"
3841,"WINNINDOO"
3842,"WINTERIGA"
3843,"WINTON"
3844,"WINYAR"
3845,"WINYAYUNG"
3846,"WIRCHILLEBA"
3847,"WIRIDJIL"
3848,"WIRMBIRCHIP"
3849,"WIRMBOOL"
3850,"WIRRATE"
3851,"WIRRBIBIAL"
3852,"WITCHIPOOL"
3853,"WOATWOARA"
3854,"WODONGA"
3855,"WOLLERT"
3856,"WOLLONABY"
3857,"WOMBAT"
3858,"WOMBELANO"
3859,"WONDOOMAROOK"
3860,"WONGAN"
3861,"WONGARRA"
3862,"WONGA WONGA"
3863,"WONGA WONGA SOUTH"
3864,"WONGUNGARRA"
3865,"WONNANGATTA"
3866,"WONTHAGGI"
3867,"WONTHAGGI NORTH"
3868,"WONWONDAH"
3869,"WONWRON"
3870,"WONYIP"
3871,"WOODBOURNE"
3872,"WOODEND"
3873,"WOODNAGGERAK"
3874,"WOODSIDE"
3875,"WOODSTOCK"
3876,"WOOHLPOOER"
3877,"WOOKURKOOK"
3878,"WOOLAMAI"
3879,"WOOLENOOK"
3880,"WOOLSTHORPE"
3881,"WOOLWOOLA"
3882,"WOONGULMERANG EAST"
3883,"WOONGULMERANG WEST"
3884,"WOORAK"
3885,"WOORARRA"
3886,"WOORINEN"
3887,"WOORIWYRITE"
3888,"WOORI YALLOCK"
3889,"WOORNACK"
3890,"WOORNDOO"
3891,"WOORNYALOOK"
3892,"WOORONOOK"
3893,"WOORRAGEE"
3894,"WOORRAGEE NORTH"
3895,"WOOSANG"
3896,"WOOUNDELLAH"
3897,"WOOYOOT"
3898,"WORAIGWORM"
3899,"WORANGA"
3900,"WORMANGAL"
3901,"WORMBETE"
3902,"WOROOA"
3903,"WORROUGH"
3904,"WORROWING"
3905,"WORTONGIE"
3906,"WRATHUNG"
3907,"WRIXON"
3908,"WUK WUK"
3909,"WULLA WULLOCK"
3910,"WURDI-YOUANG"
3911,"WURRIN"
3912,"WURROOK"
3913,"WURRUK WURRUK"
3914,"WURUTWUN"
3915,"WYANGIL"
3916,"WYCHEPROOF"
3917,"WYCHITELLA"
3918,"WYEEBOO"
3919,"WYELANGTA"
3920,"WYMLET"
3921,"WYPERFELD"
3922,"WYTWALLAN"
3923,"WYTWARRONE"
3924,"WYUNA"
3925,"WY-YUNG"
3926,"YAAPEET"
3927,"YABBA"
3928,"YABBA YABBA"
3929,"YACKANDANDAH"
3930,"YALCA"
3931,"YALIMBA"
3932,"YALIMBA EAST"
3933,"YALLAKAR"
3934,"YALLA-Y-POORA"
3935,"YALLOCK"
3936,"YALLOOK"
3937,"YALLUM"
3938,"YALMY"
3939,"YALOAK"
3940,"YALONG"
3941,"YALONG SOUTH"
3942,"YAMBUK"
3943,"YAMBULLA"
3944,"YANAC-A-YANAC"
3174,"MOORNGAG"
3175,"MOOROODUC"
3176,"MOOROOLBARK"
3177,"MOOROOPNA"
3178,"MOOROOPNA WEST"
3179,"MOORPANYAL"
3180,"MOORTWORRA"
3181,"MOORWINSTOWE"
3182,"MORANDING"
3183,"MORANG"
3184,"MORANGHURK"
3185,"MORAY"
3186,"MORDIALLOC"
3187,"MOREA"
3188,"MOREEP"
3189,"MOREKANA"
3190,"MORKALLA"
3191,"MOROCKDONG"
3192,"MOROKA"
3193,"MORRL MORRL"
3194,"MORTAT"
3195,"MORTCHUP"
3196,"MORTLAKE"
3197,"MOSTYN"
3198,"MOUNT COLE"
3199,"MOURNPOUL"
3200,"MOUTAJUP"
3201,"MOUYONG"
3202,"MOUZIE"
3203,"MOWAMBA"
3204,"MOYANGUL"
3205,"MOYHU"
3206,"MOYREISK"
3207,"MOYSTON"
3208,"MOYSTON WEST"
3209,"MUCKLEFORD"
3210,"MUDGEEGONGA"
3211,"MULCRA"
3212,"MULGRAVE"
3213,"MULLAGONG"
3214,"MULLAWYE"
3215,"MULLINDOLINGONG"
3216,"MULLROO"
3217,"MULLUNGDUNG"
3218,"MUMBANNAR"
3219,"MUMBEL"
3220,"MUNDOONA"
3221,"MUNTHAM"
3222,"MURCHISON"
3223,"MURCHISON NORTH"
3224,"MURDEDUKE"
3225,"MURGHEBOLUC"
3226,"MURLONG"
3227,"MURMUNGEE"
3228,"MURNDAL"
3229,"MURNUNGIN"
3230,"MURRABIT"
3231,"MURRABIT WEST"
3232,"MURRAMURRANGBONG"
3233,"MURRANDARRA"
3234,"MURRAWONG"
3235,"MURRINDAL EAST"
3236,"MURRINDAL WEST"
3237,"MURRINDINDI"
3238,"MURRNROONG"
3239,"MURROON"
3240,"MURRUNGOWAR"
3241,"MURTCAIM"
3242,"MURYRTYM"
3243,"MUSKERRY"
3244,"MYALL"
3245,"MYAMYN"
3246,"MYARING"
3247,"MYRNIONG"
3248,"MYRRHEE"
3249,"MYRTLEFORD"
3250,"MYSIA"
3251,"NAGWARRY"
3252,"NALANGIL"
3253,"NANAPUNDAH"
3254,"NANDEMARRIMAN"
3255,"NANGANA"
3256,"NANGEELA"
3257,"NANIMIA"
3258,"NANNEELLA"
3259,"NANOWIE"
3260,"NAPIER"
3261,"NAP-NAP-MARRA"
3262,"NAPPA"
3263,"NAR-BE-THONG"
3264,"NARBOURAC"
3265,"NAREEB NAREEB"
3266,"NARIEL"
3267,"NARINGANINGALOOK"
3268,"NARINGHIL NORTH"
3269,"NARINGHIL SOUTH"
3270,"NARIOKA"
3271,"NARMBOOL"
3272,"NAR-NAR-GOON"
3273,"NARRACAN"
3274,"NARRACAN SOUTH"
3275,"NARRANG"
3276,"NARRAPORT"
3277,"NARRAWATURK"
3278,"NARRAWONG"
3279,"NARREE WORRAN"
3280,"NARREWILLOCK"
3281,"NARROBUK"
3282,"NARROBUK NORTH"
3283,"NARRUNG"
3284,"NATEYIP"
3285,"NATIMUK"
3286,"NATTE MURRANG"
3287,"NATTEYALLOCK"
3288,"NAVARRE"
3289,"NAYOOK"
3290,"NAYOOK WEST"
3291,"NEEREMAN"
3292,"NEERIM"
3293,"NEERIM EAST"
3294,"NEILBOROUGH"
3295,"NEKEEYA"
3296,"NENANDIE"
3297,"NEPEAN"
3298,"NERICK"
3299,"NERRAN"
3300,"NERRENA"
3301,"NERRING"
3302,"NERRIN NERRIN"
3303,"NEUARPUR"
3304,"NEWHAM"
3305,"NEWLINGROOK"
3306,"NEWMERELLA"
3307,"NGALLO"
3308,"NIAGAROON"
3309,"NILLAHCOOTIE"
3310,"NILLUMBIK"
3311,"NINDOO"
3312,"NI NI"
3313,"NINNIE"
3314,"NINYEUNOOK"
3315,"NIRRANDA"
3316,"NOLAN"
3317,"NOOJEE"
3318,"NOOJEE EAST"
3319,"NOONGA"
3320,"NOORILIM"
3321,"NOORINBEE"
3322,"NOORONGONG"
3323,"NORONG"
3324,"NORTHWOOD"
3325,"NOWA NOWA"
3326,"NOWA NOWA SOUTH"
3327,"NOWIE"
3328,"NOWINGI"
3329,"NOWYEO"
3330,"NOYONG"
3331,"NULKWYNE"
3332,"NULLAN"
3333,"NULLAWARRE"
3334,"NULLAWIL"
3335,"NUMBIE-MUNJIE"
3336,"NUMBRUK"
3337,"NUNAWADING"
3338,"NUNGAL"
3339,"NUNGATTA"
3340,"NUNNIONG"
3341,"NUNTIN"
3342,"NURCOUNG"
3343,"NURNURNEMAL"
3344,"NURONG"
3345,"NURRABIEL"
3346,"NYALLO"
3347,"NYANG"
3348,"NYPO"
3349,"NYRRABY"
3350,"OLANGOLAH"
3351,"OLNEY"
3352,"OMEO"
3353,"ONDIT"
3354,"ONYIM"
3355,"ORBOST"
3356,"ORBOST EAST"
3357,"OTWAY"
3358,"OUYEN"
3359,"OXLEY"
3360,"PAARATTE"
3361,"PAIGNIE"
3362,"PAINSWICK"
3363,"PAKENHAM"
3364,"PALLARANG"
3365,"PALPARA"
3366,"PANBULLA"
3367,"PANMURE"
3368,"PANNOOBAMAWM"
3369,"PANNOOMILLOO"
3370,"PANYULE"
3371,"PANYYABYR"
3372,"PARAPARAP"
3373,"PARRIE YALLOAK"
3374,"PARUPA"
3375,"PARWAN"
3376,"PATCHEWOLLOCK"
3377,"PATCHEWOLLOCK NORTH"
3378,"PATHO"
3379,"PAWBYMBYR"
3380,"PAYWIT"
3381,"PEECHELBA"
3382,"PEECHEMBER"
3383,"PELLUEBLA"
3384,"PENDYK PENDYK"
3385,"PENGANA"
3386,"PENTAL ISLAND"
3387,"PERENNA"
3388,"PERRIT PERRIT"
3389,"PHILLIP ISLAND"
3390,"PIAMBIE"
3391,"PIANGIL"
3392,"PIANGIL WEST"
3393,"PICOLA"
3394,"PIER-MILLAN"
3395,"PIGICK"
3396,"PINE LODGE"
3397,"PINES"
3398,"PINNAK"
3399,"PINNIBAR"
3400,"PIRCARRA"
3401,"PIRRO"
3402,"PIRRON YALOAK"
3403,"POLIAH NORTH"
3404,"POLIAH SOUTH"
3405,"POLISBET"
3406,"POMBORNEIT"
3407,"POMPAPIEL"
3408,"POM POM"
3409,"POMPONDEROO"
3410,"POORNEET"
3411,"POOWONG"
3412,"POOWONG EAST"
3413,"POREPUNKAH"
3414,"PORTLAND"
3415,"POWLETT"
3416,"PRAHRAN"
3417,"PRANJIP"
3418,"PROOINGA"
3419,"PROPODOLLAH"
3420,"PUCKAPUNYAL"
3421,"PUEBLA"
3422,"PULLUT"
3423,"PURDEET"
3424,"PURDEET EAST"
3425,"PURGAGOOLAH"
3426,"PURNIM"
3427,"PURNYA"
3428,"PURRUMBETE NORTH"
3429,"PURRUMBETE SOUTH"
3430,"PYALONG"
3431,"PYWHEITJORRK"
3432,"QUAG-MUNJIE"
3433,"QUAMBATOOK"
3434,"QUAMBY"
3435,"QUAMBY NORTH"
3436,"QUANTONG"
3437,"QUEENSTOWN"
3438,"RAAK"
3439,"RAGLAN"
3440,"RAGLAN WEST"
3441,"RATHSCAR"
3442,"RAVENSWOOD"
3443,"REDBANK"
3444,"RED BLUFF"
3445,"REDCASTLE"
3446,"REDESDALE"
3447,"REDRUTH"
3448,"REYNARD"
3449,"RIACHELLA"
3450,"RICH AVON EAST"
3451,"RICH AVON WEST"
3452,"RINGWOOD"
3453,"ROCHESTER"
3454,"ROCHESTER WEST"
3455,"ROCHFORD"
3456,"RODBOROUGH"
3457,"ROSEDALE"
3458,"ROSENEATH"
3459,"ROTHESAY"
3460,"RUFFY"
3461,"RUNNYMEDE"
3462,"RUPANYUP"
3463,"ST. ARNAUD"
3464,"ST. CLAIR"
3465,"ST. HELENS"
3466,"ST. JAMES"
3467,"ST. MARGARET"
3468,"SALE"
3469,"SALISBURY"
3470,"SALISBURY WEST"
3471,"SAMARIA"
3472,"SANDFORD"
3473,"SANDHURST"
3474,"SANDON"
3475,"SARGOOD"
3476,"SARSFIELD"
3477,"SCARSDALE"
3478,"SCORESBY"
3479,"SEACOMBE"
3480,"SEDGWICK"
3481,"SEYMOUR"
3482,"SHADFORTH"
3483,"SHELBOURNE"
3484,"SHELFORD"
3485,"SHELFORD WEST"
3486,"SHEPPARTON"
3487,"SHERWOOD"
3488,"SHIRLEY"
3489,"SKIPTON"
3490,"SMEATON"
3491,"SMYTHESDALE"
3492,"SNAKE ISLAND"
3493,"SPINIFEX"
3494,"SPRINGFIELD"
3495,"SPRING HILL"
3496,"SPRING PLAINS"
3497,"STANDER"
3498,"STANLEY"
3499,"STAWELL"
3500,"STEAVENSON"
3501,"STEWARTON"
3502,"STRADBROKE"
3503,"STRANGWAYS"
3504,"STRATFORD"
3505,"STRATHBOGIE"
3506,"STRATHFIELDSAYE"
3507,"STRATHMERTON"
3508,"STREATHAM"
3509,"STRUAN"
3510,"SUGGAN BUGGAN"
3511,"SUNDAY ISLAND"
3512,"SUNSET"
3513,"SUTTON"
3514,"SUTTON GRANGE"
3515,"SWANWATER"
3516,"SWITZERLAND"
3517,"TAARAAK"
3518,"TABBARA"
3519,"TABBERABBERA"
3520,"TABILK"
3521,"TAGGERTY"
3522,"TAHARA"
3523,"TALAMBE"
3524,"TALGARNO"
3525,"TALGITCHA"
3526,"TALLAGEIRA"
3527,"TALLANDOON"
3528,"TALLANG"
3529,"TALLANGALLOOK"
3530,"TALLANGATTA"
3531,"TALLANGOORK"
3532,"TALLAROOK"
3533,"TALLYGAROOPNA"
3534,"TAMBO"
3535,"TAMBOON"
3536,"TAMBORITHA"
3537,"TAMINICK"
3538,"TAMLEUGH"
3539,"TANDAROOK"
3540,"TANDARRA"
3541,"TANGAMBALANGA"
3542,"TANJIL"
3543,"TANJIL EAST"
3544,"TAPAROO"
3545,"TAPONGA"
3546,"TARA"
3547,"TARCOMBE"
3548,"TARIPTA"
3549,"TARKEETH"
3550,"TARLDARN"
3551,"TARNAGULLA"
3552,"TARNEIT"
3553,"TARRAGAL"
3554,"TARRANGINNIE"
3555,"TARRANGO"
3556,"TARRANYURK"
3557,"TARRA TARRA"
3558,"TARRAWARRA"
2001,"ACHERON"
2002,"ADDINGTON"
2003,"ADJIE"
2004,"ADZAR"
2005,"AIRE"
2006,"ALBACUTYA"
2007,"ALBERTON EAST"
2008,"ALBERTON WEST"
2009,"ALEXANDRA"
2010,"ALLAMBEE"
2011,"ALLAMBEE EAST"
2012,"AMHERST"
2013,"AMPHITHEATRE"
2014,"ANAKIE"
2015,"ANGAHOOK"
2016,"ANGORA"
2017,"ANNUELLO"
2018,"ANNYA"
2019,"ARAPILES"
2020,"ARARAT"
2021,"ARBUCKLE"
2022,"ARCADIA"
2023,"ARCHDALE"
2024,"ARDNO"
2025,"ARDONACHIE"
2026,"AREEGRA"
2027,"ARGYLE"
2028,"ASCOT"
2029,"ASHENS"
2030,"AUDLEY"
2031,"AVENEL"
2032,"AVOCA"
2033,"AWONGA"
2034,"AXEDALE"
2035,"BAANGAL"
2036,"BAAWANG"
2037,"BABATCHIO"
2038,"BAEL BAEL"
2039,"BAGSHOT"
2040,"BAHGALLAH"
2041,"BAILIESTON"
2042,"BAIRNSDALE"
2043,"BALLAN"
2044,"BALLANGEICH"
2045,"BALLAPUR"
2046,"BALLARAT"
2047,"BALLARK"
2048,"BALLENDELLA"
2049,"BALLIANG"
2050,"BALLOONG"
2051,"BALLYROGAN"
2052,"BALMATTUM"
2053,"BALMORAL"
2054,"BALNARRING"
2055,"BALROOK"
2056,"BALROOTAN"
2057,"BAMAWM"
2058,"BAMBADIN"
2059,"BAMBRA"
2060,"BAMGANIE"
2061,"BANANGAL"
2062,"BANGERANG"
2063,"BANU BONYIT"
2064,"BANYARMBITE"
2065,"BANYENA"
2066,"BANYENONG"
2067,"BARAMBOGIE"
2068,"BARANDUDA"
2069,"BARCHAN"
2070,"BARGA"
2071,"BARING"
2072,"BARING NORTH"
2073,"BARINGHUP"
2074,"BARKLY"
2075,"BARMAH"
2076,"BARNAWARTHA NORTH"
2077,"BARNAWARTHA SOUTH"
2078,"BARNOOLUT"
2079,"BARONGAROOK"
2080,"BARP"
2081,"BARRAKEE"
2082,"BARRAMUNGA"
2083,"BARRARBOOL"
2084,"BARROWORN"
2085,"BARWIDGEE"
2086,"BARWITE"
2087,"BARWO"
2088,"BARWON DOWNS"
2089,"BARWONGEMOONG"
2090,"BATCHICA"
2091,"BATYIK"
2092,"BAULKAMAUGH"
2093,"BAW BAW"
2094,"BAYNTON"
2095,"BEALIBA"
2096,"BEAUFORT"
2097,"BECKWORTH"
2098,"BEEAR"
2099,"BEECHWORTH"
2100,"BEEK BEEK"
2101,"BEENAK"
2102,"BEERIK"
2103,"BEETHANG"
2104,"BEEWAR"
2105,"BELFAST"
2106,"BELLARINE"
2107,"BELLAURA"
2108,"BELLELLEN"
2109,"BELOKA"
2110,"BELVOIR WEST"
2111,"BEMBOKA"
2112,"BEMM"
2113,"BENALLA"
2114,"BENAMBRA"
2115,"BENAYEO"
2116,"BENDOCK"
2117,"BENETOOK"
2118,"BENGWORDEN"
2119,"BENGWORDEN SOUTH"
2120,"BENJEROOP"
2121,"BEOLITE"
2122,"BEPCHA"
2123,"BEREMBOKE"
2124,"BERONTHA"
2125,"BERRIMAL"
2126,"BERRINGA"
2127,"BERRINGAMA"
2128,"BERRIWILLOCK"
2129,"BERRMARR"
2130,"BERROOK"
2131,"BERWICK"
2132,"BESSIEBELLE"
2133,"BET BET"
2134,"BETE BOLONG NORTH"
2135,"BETE BOLONG SOUTH"
2136,"BETKA"
2137,"BEULAH"
2138,"BEYAL"
2139,"BIDWELL"
2140,"BIG BILLY"
2141,"BIG DESERT"
2142,"BIL-BIL-WYT"
2143,"BILLABONG"
2144,"BILLIAN"
2145,"BILLIMINAH"
2146,"BILPAH"
2147,"BIMBOURIE"
2148,"BINDI"
2149,"BINGINWARRI"
2150,"BINGO-MUNJIE"
2151,"BINGO-MUNJIE NORTH"
2152,"BINGO-MUNJIE SOUTH"
2153,"BINNICAN"
2154,"BINNUC"
2155,"BIRREGUN"
2156,"BIRREGURRA"
2157,"BITCHIGAL"
2158,"BITTERANG"
2159,"BITTERN"
2160,"BLACKWOOD"
2161,"BOCHARA"
2162,"BOGA"
2163,"BOGALARA"
2164,"BOGONG NORTH"
2165,"BOGONG SOUTH"
2166,"BOHO"
2167,"BOIGBEAT"
2168,"BOIKERBERT"
2169,"BOINKA"
2170,"BOLAIRA"
2171,"BOLANGUM"
2172,"BOLERCH"
2173,"BOLGA"
2174,"BOLLINDA"
2175,"BOLWARRA"
2176,"BONANG"
2177,"BONDI"
2178,"BONEGILLA"
2179,"BONN"
2180,"BONTHERAMBO"
2181,"BOODYARN"
2182,"BOOLA BOLOKE"
2183,"BOOLA BOOLA"
2184,"BOOLE POOLE"
2185,"BOOLUNGAL"
2186,"BOOMAHNOOMOONAH"
2187,"BOONAH"
2188,"BOONAHWAH"
2189,"BOONDEROOT"
2190,"BOORAN"
2191,"BOORGUNYAH"
2192,"BOORHAMAN"
2193,"BOORLEE"
2194,"BOOROLITE"
2195,"BOORONG"
2196,"BOORONGIE"
2197,"BOOROOPKI"
2198,"BOORPOOL"
2199,"BOORPUK"
2200,"BOORT"
2201,"BOOSEY"
2202,"BOOTAHPOOL"
2203,"BORAMBORAM"
2204,"BOREANG EAST"
2205,"BOREANG WEST"
2206,"BORHONEYGHURK"
2207,"BORODOMANIN"
2208,"BOROKA"
2209,"BOROONDARA"
2210,"BORRIYALLOAK"
2211,"BORUNG"
2212,"BOULKA"
2213,"BOURKA"
2214,"BOWEYA"
2215,"BOW-WORRUNG"
2216,"BRADFORD"
2217,"BRALAK"
2218,"BRAMBURRA"
2219,"BRAMBY"
2220,"BRANJEE"
2221,"BRANKEET"
2222,"BRANXHOLME"
2223,"BRENANAH"
2224,"BREWSTER"
2225,"BRIAGOLONG"
2226,"BRIDGEWATER"
2227,"BRIGHT"
2228,"BRIMBOAL"
2229,"BRIMBONGA"
2230,"BRIM BRIM"
2231,"BRIMIN"
2232,"BRINDAT"
2233,"BRINGALBART"
2234,"BRIT BRIT"
2235,"BROADFORD"
2236,"BROADLANDS"
2237,"BROADWATER"
2238,"BROCKIE"
2239,"BRUARONG"
2240,"BRUCKNELL"
2241,"BRUK BRUK"
2242,"BRUTHEN"
2243,"BUANGOR"
2244,"BUCHAN"
2245,"BUCKENDERRA"
2246,"BUCKERAN YARRACK"
2247,"BUCKLAND"
2248,"BUCKRABANYULE"
2249,"BUDGEE BUDGEE"
2250,"BUDGEREE"
2251,"BUDGERUM EAST"
2252,"BUDGERUM WEST"
2253,"BULART"
2254,"BULBAN"
2255,"BULGA"
2256,"BULGABACK"
2257,"BULGANA"
2258,"BULLA BULLA"
2259,"BULLAMALK"
2260,"BULLANBUL"
2261,"BULLAROOK"
2262,"BULLARTO"
2263,"BULLAWIN"
2264,"BULLEEN"
2265,"BULLENGAROOK"
2266,"BULLIOH"
2267,"BULLUMWAAL"
2268,"BULLUNG"
2269,"BUMBANG"
2270,"BUMBERRAH"
2271,"BUNDALAGUAH"
2272,"BUNDALONG"
2273,"BUNDARA-MUNJIE"
2274,"BUNDOWRA"
2275,"BUNGAL"
2276,"BUNGALALLY"
2277,"BUNGAMERO"
2278,"BUNGANAIL"
2279,"BUNGAREE"
2280,"BUNG BONG"
2281,"BUNGEELTAP"
2282,"BUNGEET"
2283,"BUNGIL"
2284,"BUNGIL EAST"
2285,"BUNGULUKE"
2286,"BUNGYWARR"
2287,"BUNINYONG"
2288,"BUNNUGAL"
2289,"BUNUROUK"
2290,"BUNYIP"
2291,"BURAGWONDUC"
2292,"BURGOYNE"
2293,"BURKE"
2294,"BURNELL"
2295,"BURNEWANG"
2296,"BURRA"
2297,"BURRAH BURRAH"
2298,"BURRAMBOOT"
2299,"BURRAMBOOT EAST"
2300,"BURRAMINE"
2301,"BURRONG NORTH"
2302,"BURRONG SOUTH"
2303,"BURROWYE"
2304,"BURRUMBEEP"
2305,"BURRUMBEET"
2306,"BURRUM BURRUM"
2307,"BURRUNGABUGGE"
2308,"BURTWARRAH"
2309,"BURUPGA"
2310,"BUTGULLA"
2311,"BUTTLEJORRK"
2312,"BUXTON"
2313,"BYADUK"
2314,"BYAMBYNEE"
2315,"BYANGA"
2316,"BYAWATHA"
2317,"BYJUKE"
2318,"BYLANDS"
2319,"CABANANDRA"
2320,"CALIVIL"
2321,"CALLAWADDA"
2322,"CALLIGNEE"
2323,"CAMBACANYA"
2324,"CAMBATONG"
2325,"CAMPASPE"
2326,"CAMPBELLTOWN"
2327,"CANABORE"
2328,"CANIAMBO"
2329,"CANNIE"
2330,"CANNUM"
2331,"CANTALA"
2332,"CARAG CARAG"
2333,"CARALULUP"
2334,"CARAMBALLUC NORTH"
2335,"CARAMBALLUC SOUTH"
2336,"CARAMUT"
2337,"CARAMUT SOUTH"
2338,"CARAPOOEE"
2339,"CARAPOOEE WEST"
2340,"CARAPOOK"
2341,"CARAPUGNA"
2342,"CARBOOR"
2343,"CARCHAP"
2344,"CARDIGAN"
2345,"CARGERIE"
2346,"CARINA"
2347,"CARISBROOK"
2348,"CARLSRUHE"
2349,"CARLYLE"
2350,"CARNEEK"
2351,"CARNGHAM"
2352,"CAROOL"
2353,"CARORI"
2354,"CARPENDEIT"
2355,"CARRAH"
2356,"CARRAJUNG"
2357,"CARRAK"
2358,"CARRARAGARMUNGEE"
2359,"CARRON"
2360,"CARRUNG-E-MURNONG"
2361,"CARRUNO"
2362,"CARWARP"
2363,"CARWARP WEST"
2364,"CASTERTON"
2365,"CASTLE DONNINGTON"
2366,"CASTLEMAINE"
2367,"CATIABRIM"
2368,"CAVENDISH"
2369,"CHANGUE"
2370,"CHANGUE EAST"
2371,"CHARAM"
2372,"CHARLTON EAST"
2373,"CHARLTON WEST"
2374,"CHATSWORTH"
2375,"CHATSWORTH WEST"
2376,"CHEPSTOWE"
2377,"CHERRINGTON"
2378,"CHEWTON"
2379,"CHILLINGOLLAH"
2380,"CHILPIN"
2381,"CHILTERN"
2382,"CHILTERN WEST"
2383,"CHINAMAN FLAT"
2384,"CHINANGIN"
2385,"CHINTIN"
2386,"CHIPRICK"
2387,"CLARENDON"
3945,"YANAKIE"
3946,"YANAKIE SOUTH"
3947,"YANDOIT"
3948,"YANGARDOOK"
3949,"YANGERAHWILL"
3950,"YANGERY"
3951,"YANGOURA"
3952,"YANIPY"
3953,"YANNATHAN"
3954,"YAN YAN GURT"
3955,"YAN YEAN"
3956,"YARAK"
3957,"YARAMBA"
3958,"YARCK"
3959,"YARIMA"
3960,"YARPTURK"
3961,"YARRABERB"
3962,"YARRAGON"
3963,"YARRAM YARRAM"
3964,"YARRAMYLJUP"
3965,"YARRANGOOK"
3966,"YARRARA"
3967,"YARRAWONGA"
3968,"YARRAYNE"
3969,"YARROCK"
3970,"YARROWALLA"
3971,"YARROWEE"
3972,"YARROWEYAH"
3973,"YATCHAW EAST"
3974,"YATCHAW WEST"
3975,"YATMERONE"
3976,"YAT NAT"
3977,"YATPOOL"
3978,"YAUGHER"
3979,"YEA"
3980,"YEARINGA"
3981,"YEERIK"
3982,"YEERUNG"
3983,"YEHRIP"
3984,"YELLANGIP"
3985,"YELTA"
3986,"YELWELL"
3987,"YEO"
3988,"YERING"
3989,"YERTOO"
3990,"YETH-YOUANG"
3991,"YEUNGROON"
3992,"YIELIMA"
3993,"YINNAR"
3994,"YONDUK"
3995,"YOUANMITE"
3996,"YOUARANG"
3997,"YOUARRABUK"
3998,"YOUPAYANG"
3999,"YOUPELLA"
4000,"YOWANG"
4001,"YULECART"
4002,"YUNGERA"
4003,"YUONGA"
4004,"YUPPECKIAR"
4005,"YUROKE"
4011,"THURGOONA [NSW]"
